{"cameraMode":{"drawMode":0,"name":"Shaded","section":"Shading Mode"},"sceneLighting":true,"audioPlay":false,"sceneViewState":{"m_AlwaysRefresh":false,"showFog":true,"showSkybox":true,"showFlares":true,"showImageEffects":true,"showParticleSystems":true,"showVisualEffectGraphs":true,"m_FxEnabled":true},"in2DMode":false,"pivot":{"x":6.159231662750244,"y":1.7434980869293213,"z":-10.521929740905762},"rotation":{"x":-0.016126511618494989,"y":-0.6847679615020752,"z":-0.015245412476360798,"w":0.7286800146102905},"size":1.1519432067871094,"orthographic":false}