{"cameraMode":{"drawMode":0,"name":"Shaded","section":"Shading Mode"},"sceneLighting":true,"audioPlay":false,"sceneViewState":{"m_AlwaysRefresh":false,"showFog":true,"showSkybox":true,"showFlares":true,"showImageEffects":true,"showParticleSystems":true,"showVisualEffectGraphs":true,"m_FxEnabled":true},"in2DMode":false,"pivot":{"x":108.01702117919922,"y":0.3342185318470001,"z":7.99104118347168},"rotation":{"x":0.2573746144771576,"y":-0.0839315727353096,"z":0.023287655785679818,"w":0.9626908302307129},"size":10.221660614013672,"orthographic":false}