{"cameraMode":{"drawMode":0,"name":"Shaded","section":"Shading Mode"},"sceneLighting":true,"audioPlay":false,"sceneViewState":{"m_AlwaysRefresh":false,"showFog":true,"showSkybox":true,"showFlares":true,"showImageEffects":true,"showParticleSystems":true,"showVisualEffectGraphs":true,"m_FxEnabled":true},"in2DMode":false,"pivot":{"x":-15.912880897521973,"y":2.4978485107421877,"z":-0.4061293601989746},"rotation":{"x":0.0024836231023073198,"y":-0.7126049995422363,"z":0.0022012535482645036,"w":0.7017937302589417},"size":11.316262245178223,"orthographic":false}