{"cameraMode":{"drawMode":0,"name":"Shaded","section":"Shading Mode"},"sceneLighting":true,"audioPlay":false,"sceneViewState":{"m_AlwaysRefresh":false,"showFog":true,"showSkybox":true,"showFlares":true,"showImageEffects":true,"showParticleSystems":true,"showVisualEffectGraphs":true,"m_FxEnabled":true},"in2DMode":false,"pivot":{"x":5.0923895835876469,"y":3.4599993228912355,"z":-6.634135723114014},"rotation":{"x":0.026318421587347986,"y":-0.6551031470298767,"z":0.022781457751989366,"w":0.75492924451828},"size":8.747334480285645,"orthographic":false}