{"cameraMode":{"drawMode":0,"name":"Shaded","section":"Shading Mode"},"sceneLighting":true,"audioPlay":false,"sceneViewState":{"m_AlwaysRefresh":false,"showFog":true,"showSkybox":true,"showFlares":true,"showImageEffects":true,"showParticleSystems":true,"showVisualEffectGraphs":true,"m_FxEnabled":true},"in2DMode":false,"pivot":{"x":720.3300170898438,"y":1.6089096069335938,"z":-11.779999732971192},"rotation":{"x":-0.16975107789039613,"y":-0.08996904641389847,"z":0.015828745439648629,"w":-0.9813198447227478},"size":6.877200126647949,"orthographic":false}