{"cameraMode":{"drawMode":0,"name":"Shaded","section":"Shading Mode"},"sceneLighting":true,"audioPlay":false,"sceneViewState":{"m_AlwaysRefresh":false,"showFog":true,"showSkybox":true,"showFlares":true,"showImageEffects":true,"showParticleSystems":true,"showVisualEffectGraphs":true,"m_FxEnabled":true},"in2DMode":false,"pivot":{"x":412.2543640136719,"y":158.57415771484376,"z":-179.4067840576172},"rotation":{"x":0.37491777539253237,"y":0.025156645104289056,"z":-0.009334679692983628,"w":0.9269961714744568},"size":31.931331634521486,"orthographic":false}