{"cameraMode":{"drawMode":0,"name":"Shaded","section":"Shading Mode"},"sceneLighting":true,"audioPlay":false,"sceneViewState":{"m_AlwaysRefresh":false,"showFog":true,"showSkybox":true,"showFlares":true,"showImageEffects":true,"showParticleSystems":true,"showVisualEffectGraphs":true,"m_FxEnabled":true},"in2DMode":false,"pivot":{"x":664.7000122070313,"y":1.6089096069335938,"z":30.399999618530275},"rotation":{"x":0.11402025073766709,"y":0.6796427369117737,"z":-0.10815396159887314,"w":0.7165127992630005},"size":6.218989849090576,"orthographic":false}