{"cameraMode":{"drawMode":0,"name":"Shaded","section":"Shading Mode"},"sceneLighting":true,"audioPlay":false,"sceneViewState":{"m_AlwaysRefresh":false,"showFog":true,"showSkybox":true,"showFlares":true,"showImageEffects":true,"showParticleSystems":true,"showVisualEffectGraphs":true,"m_FxEnabled":true},"in2DMode":false,"pivot":{"x":646.6278076171875,"y":-24.799274444580079,"z":-153.2787322998047},"rotation":{"x":0.022226499393582345,"y":0.9709683060646057,"z":-0.10124880075454712,"w":0.21727028489112855},"size":56.26402282714844,"orthographic":false}