{"cameraMode":{"drawMode":0,"name":"Shaded","section":"Shading Mode"},"sceneLighting":true,"audioPlay":false,"sceneViewState":{"m_AlwaysRefresh":false,"showFog":true,"showSkybox":true,"showFlares":true,"showImageEffects":true,"showParticleSystems":true,"showVisualEffectGraphs":true,"m_FxEnabled":true},"in2DMode":false,"pivot":{"x":312.89752197265627,"y":0.009579658508300782,"z":9.325000762939454},"rotation":{"x":-0.14306391775608064,"y":-0.10448717325925827,"z":0.01503235474228859,"w":-0.9843568205833435},"size":10.366507530212403,"orthographic":false}